City ID,City,Country,Lat,Lng,Max Temp,Humidity,Cloudiness,Wind Speed,Weather
0,Bethel,US,41.3712,-73.414,47.75,89,0,0.0,clear sky
1,Jalor,IN,25.35,72.6167,94.1,15,82,12.12,broken clouds
2,Torbay,CA,47.6666,-52.7314,23.58,65,20,27.63,few clouds
3,Hermanus,ZA,-34.4187,19.2345,64.44,79,20,8.23,few clouds
4,Vestmannaeyjar,IS,63.4427,-20.2734,33.89,71,100,30.27,snow
5,Zhaotong,CN,27.3167,103.7167,72.1,30,9,3.74,clear sky
6,Leningradskiy,RU,69.3833,178.4167,-12.42,93,3,3.47,clear sky
7,Pevek,RU,69.7008,170.3133,-15.92,99,36,2.68,scattered clouds
8,Yar-Sale,RU,66.8333,70.8333,22.33,95,100,14.79,light snow
9,Sitka,US,57.0531,-135.33,40.89,87,100,6.91,light rain
10,Alofi,NU,-19.0595,-169.9187,78.69,89,52,3.44,broken clouds
11,Albany,US,42.6001,-73.9662,38.37,92,97,3.65,overcast clouds
12,Cape Town,ZA,-33.9258,18.4232,68.11,69,20,21.85,few clouds
13,Mataura,NZ,-46.1927,168.8643,55.47,70,85,6.53,overcast clouds
14,Carutapera,BR,-1.195,-46.02,72.73,98,100,5.08,overcast clouds
15,Sabha,LY,27.0377,14.4283,49.03,36,0,14.36,clear sky
16,Hilo,US,19.7297,-155.09,74.25,96,100,5.75,moderate rain
17,Ancud,CL,-41.8697,-73.8203,57.22,94,17,5.44,few clouds
18,Kibala,TD,9.1104,18.3463,80.19,18,19,7.67,few clouds
19,Jaca,ES,42.569,-0.5499,43.12,81,100,1.9,overcast clouds
20,Ribeira Grande,PT,38.5167,-28.7,57.0,60,59,2.73,broken clouds
21,Atuona,PF,-9.8,-139.0333,78.71,71,51,12.75,broken clouds
22,Oussouye,SN,12.485,-16.5469,67.12,48,8,6.89,clear sky
23,Tura,IN,25.5198,90.2201,92.21,14,0,6.82,clear sky
24,Posevnaya,RU,54.3006,83.3297,12.76,81,100,6.71,overcast clouds
25,Puerto Penasco,MX,31.3167,-113.5333,65.91,49,11,5.55,few clouds
26,Payo,ID,-3.7508,103.6372,90.57,53,90,3.42,overcast clouds
27,Georgetown,MY,5.4112,100.3354,89.53,62,20,5.75,few clouds
28,Bredasdorp,ZA,-34.5322,20.0403,61.92,88,64,2.3,light rain
29,Thompson,CA,55.7435,-97.8558,-2.04,92,0,0.0,clear sky
30,Bubaque,GW,11.2833,-15.8333,75.83,67,38,10.09,scattered clouds
31,Vaini,TO,-21.2,-175.2,82.15,74,99,7.05,light rain
32,Egvekinot,RU,66.3167,-179.1667,-6.77,81,0,7.16,clear sky
33,Rikitea,PF,-23.1203,-134.9692,80.06,77,67,15.52,broken clouds
34,Sibolga,ID,1.7427,98.7792,86.59,67,100,5.5,overcast clouds
35,San Rafael,AR,-34.6177,-68.3301,69.69,40,7,2.91,clear sky
36,Vuktyl,RU,63.8567,57.3094,15.71,93,100,5.08,overcast clouds
37,Blackwater,AU,-23.5833,148.8833,87.39,35,35,13.49,scattered clouds
38,Geraldton,AU,-28.7667,114.6,81.01,50,1,12.66,clear sky
39,Port Lincoln,AU,-34.7333,135.8667,68.43,82,100,12.82,light rain
40,Chuy,UY,-33.6971,-53.4616,61.54,82,1,5.08,clear sky
41,Butaritari,KI,3.0707,172.7902,81.63,79,97,18.52,light rain
42,Isabela,PH,6.7085,121.9711,86.32,70,48,2.93,scattered clouds
43,Svetlogorsk,BY,52.6333,29.7333,29.41,64,15,10.83,few clouds
44,East London,ZA,-33.0153,27.9116,65.34,88,0,6.91,clear sky
45,Vadso,NO,70.0744,29.7487,26.76,80,0,14.97,clear sky
46,Igarka,RU,67.4667,86.5833,6.62,91,100,13.13,overcast clouds
47,Charlestown,AU,-32.95,151.6667,77.86,77,83,7.0,broken clouds
48,Udine,IT,46.0619,13.2422,46.35,87,75,4.61,mist
49,Praia Da Vitoria,PT,38.7333,-27.0667,53.85,87,75,7.92,broken clouds
50,Busselton,AU,-33.65,115.3333,75.6,60,90,14.65,overcast clouds
51,Qasigiannguit,GL,68.8193,-51.1922,-3.75,82,100,6.87,overcast clouds
52,Chapais,CA,49.7834,-74.8492,17.38,95,100,9.33,light snow
53,Tiksi,RU,71.6872,128.8694,-5.62,87,100,12.33,overcast clouds
54,Kisaran,ID,2.9845,99.6158,87.12,64,100,3.2,overcast clouds
55,Half Moon Bay,US,37.4636,-122.4286,54.99,84,75,13.8,mist
56,Bluff,NZ,-46.6,168.3333,55.8,67,84,18.48,broken clouds
57,Katsuura,JP,35.1333,140.3,62.31,66,26,6.11,scattered clouds
58,Punta Arenas,CL,-53.15,-70.9167,46.51,71,20,19.57,few clouds
59,Sakakah,SA,29.9697,40.2064,42.37,35,1,10.96,clear sky
60,Aksu,CN,41.1231,80.2644,63.72,24,46,13.51,scattered clouds
61,Saint-Philippe,RE,-21.3585,55.7679,84.22,81,99,10.4,overcast clouds
62,Marrakesh,MA,31.6315,-8.0083,48.27,87,75,9.22,broken clouds
63,Liusha,CN,27.2098,108.59,73.6,66,99,8.9,overcast clouds
64,Port Alfred,ZA,-33.5906,26.891,66.4,79,81,3.0,light rain
65,Forbes,AU,-33.3833,148.0167,73.2,52,97,7.81,overcast clouds
66,Barrow,US,71.2906,-156.7887,-0.38,71,100,11.5,light snow
67,Ponta Do Sol,PT,32.6667,-17.1,61.05,69,12,10.07,few clouds
68,Upernavik,GL,72.7868,-56.1549,-13.68,87,100,4.63,overcast clouds
69,Carnarvon,AU,-24.8667,113.6333,86.07,54,38,24.16,scattered clouds
70,Usinsk,RU,65.9939,57.5281,19.92,89,100,14.99,overcast clouds
71,Lavrentiya,RU,65.5833,-171.0,-3.15,82,11,7.47,few clouds
72,Tasiilaq,GL,65.6145,-37.6368,15.96,95,97,4.34,overcast clouds
73,Dzierzoniow,PL,50.7282,16.6514,45.14,93,100,9.55,light rain
74,Todos Santos,MX,23.45,-110.2167,61.66,93,0,6.67,clear sky
75,Arraial Do Cabo,BR,-22.9661,-42.0278,76.55,91,7,11.68,clear sky
76,Sistranda,NO,63.7256,8.834,35.56,68,3,15.03,clear sky
77,Bow Island,CA,49.8668,-111.3684,39.38,75,44,12.66,scattered clouds
78,Yellowknife,CA,62.456,-114.3525,-3.44,77,0,4.61,clear sky
79,Qaanaaq,GL,77.484,-69.3632,-6.0,97,100,5.91,overcast clouds
80,Aklavik,CA,68.2191,-135.0107,-28.43,98,54,1.63,broken clouds
81,San Cristobal,VE,7.7669,-72.225,67.37,86,82,0.43,broken clouds
82,Ushuaia,AR,-54.8,-68.3,40.66,93,100,12.66,overcast clouds
83,Salinas,US,36.6777,-121.6555,56.21,88,100,11.5,mist
84,Tuatapere,NZ,-46.1333,167.6833,61.03,62,66,7.56,broken clouds
85,Sussex,US,41.1834,-74.6663,53.55,62,0,3.44,clear sky
86,Barranca,PE,-10.75,-77.7667,71.44,75,19,5.23,few clouds
87,Kahului,US,20.8947,-156.47,78.82,77,20,11.5,few clouds
88,Muroto,JP,33.2833,134.15,62.76,66,0,3.49,clear sky
89,Nikolskoye,RU,59.7035,30.7861,32.88,91,34,4.83,scattered clouds
90,Korla,CN,41.7597,86.1469,55.11,44,100,15.23,overcast clouds
91,Hithadhoo,MV,-0.6,73.0833,83.43,73,80,13.02,broken clouds
92,Maceio,BR,-9.6658,-35.7353,76.44,94,40,3.44,scattered clouds
93,Kalmunai,LK,7.4167,81.8167,79.39,79,100,1.9,moderate rain
94,Cabo San Lucas,MX,22.8909,-109.9124,72.52,44,2,12.88,clear sky
95,Nicoya,CR,10.1483,-85.452,75.49,75,59,6.11,broken clouds
96,Deder,ET,9.3167,41.45,64.56,33,66,2.8,broken clouds
97,Graham,US,47.0529,-122.2943,44.37,92,75,10.36,broken clouds
98,Puerto Ayora,EC,-0.7393,-90.3518,74.55,97,56,1.01,broken clouds
99,Port Blair,IN,11.6667,92.75,89.64,66,20,9.22,haze
100,Santa Maria,BR,-29.6842,-53.8069,66.58,97,90,8.95,overcast clouds
101,Gainesville,US,29.6516,-82.3248,65.07,88,20,14.97,few clouds
102,Pacific Grove,US,36.6177,-121.9166,55.24,92,100,5.75,mist
103,Ballina,AU,-28.8667,153.5667,75.38,84,84,9.6,broken clouds
104,Yaroslavskiy,RU,44.1683,132.2072,34.9,96,100,7.49,light snow
105,Zhigansk,RU,66.7697,123.3711,0.0,83,100,10.85,overcast clouds
106,Flinders,AU,-34.5833,150.8552,72.37,83,99,4.0,overcast clouds
107,Grindavik,IS,63.8424,-22.4338,28.87,80,75,16.11,light snow
108,Borovskoy,KZ,53.8,64.15,5.74,95,98,6.04,overcast clouds
109,Xichang,CN,27.8964,102.2634,78.78,23,38,2.86,scattered clouds
110,Esperance,AU,-33.8667,121.9,74.37,55,98,14.56,overcast clouds
111,Vila Do Maio,CV,15.1333,-23.2167,68.79,72,41,22.57,scattered clouds
112,Huilong,CN,31.8111,121.655,64.13,75,76,12.1,broken clouds
113,Luderitz,NA,-26.6481,15.1594,62.51,60,0,15.82,clear sky
114,Batagay-Alyta,RU,67.8006,130.4114,-0.81,77,99,2.17,overcast clouds
115,Nouadhibou,MR,20.931,-17.0347,60.78,72,0,26.46,clear sky
116,Vila,PT,42.0304,-8.1588,45.7,85,94,4.0,overcast clouds
117,Narsaq,GL,60.9167,-46.05,-0.18,70,79,7.67,broken clouds
118,Udachnyy,RU,66.4167,112.4,0.45,64,97,6.08,overcast clouds
119,Norman Wells,CA,65.282,-126.8329,-12.96,64,75,3.44,broken clouds
120,Kavaratti,IN,10.5669,72.642,83.39,69,78,8.59,broken clouds
121,Wagar,SD,16.1525,36.2032,68.88,56,5,19.57,clear sky
122,Grand Gaube,MU,-20.0064,57.6608,84.6,81,71,3.0,light rain
123,Turukhansk,RU,65.8167,87.9833,9.54,86,100,6.85,overcast clouds
124,Kolda,SN,12.8833,-14.95,67.59,27,24,4.36,few clouds
125,Itupiranga,BR,-5.1347,-49.3267,73.72,98,99,2.42,overcast clouds
126,Springfield,US,37.2153,-93.2982,51.98,89,0,0.0,clear sky
127,Meulaboh,ID,4.1363,96.1285,85.03,68,93,5.99,overcast clouds
128,Olafsvik,IS,64.8945,-23.7142,30.81,64,99,31.81,light snow
129,Khatanga,RU,71.9667,102.5,-3.91,90,32,6.04,scattered clouds
130,Nanortalik,GL,60.1432,-45.2371,3.51,80,100,11.1,light snow
131,Port Hardy,CA,50.6996,-127.4199,44.6,93,75,5.75,light intensity shower rain
132,Kapaa,US,22.0752,-159.319,73.72,76,75,9.22,broken clouds
133,Jamestown,US,42.097,-79.2353,38.84,70,0,3.44,clear sky
134,Afua,BR,-0.1567,-50.3867,72.14,97,100,3.47,overcast clouds
135,Bengkulu,ID,-3.8004,102.2655,86.16,62,98,7.65,overcast clouds
136,Laguna,US,38.421,-121.4238,59.14,87,0,4.61,clear sky
137,Dikson,RU,73.5069,80.5464,14.25,97,96,1.16,overcast clouds
138,Hervey Bay,AU,-25.2986,152.8535,77.02,77,100,8.99,overcast clouds
139,Faanui,PF,-16.4833,-151.75,82.26,69,52,9.31,broken clouds
140,Kaitangata,NZ,-46.2817,169.8464,53.53,73,100,10.13,overcast clouds
141,Sola,VU,-13.8833,167.55,79.47,89,100,0.0,heavy intensity rain
142,Lipari,IT,38.4674,14.954,54.0,72,1,2.04,clear sky
143,Saint-Louis,SN,16.3333,-15.0,65.39,37,1,12.75,clear sky
144,Mount Gambier,AU,-37.8333,140.7667,82.71,43,99,8.48,overcast clouds
145,Castro,BR,-24.7911,-50.0119,63.91,99,98,6.89,overcast clouds
146,Terenos,BR,-20.4422,-54.8603,67.71,82,0,4.61,clear sky
147,Sarai Naurang,PK,32.8259,70.7814,89.67,26,0,2.21,clear sky
148,Vardo,NO,70.3705,31.1107,29.14,81,8,25.34,clear sky
149,Aldan,RU,58.6031,125.3894,3.29,91,100,12.03,light snow
150,Jenjarom,MY,2.8766,101.4988,91.54,61,82,5.57,broken clouds
151,Mayo,US,38.8876,-76.5119,55.56,66,0,0.0,clear sky
152,Leh,IN,34.1667,77.5833,26.44,68,14,2.91,few clouds
153,Vermilion,US,40.1667,-87.7506,47.59,83,1,4.63,clear sky
154,Surman,LY,32.7567,12.5716,56.44,39,4,14.05,clear sky
155,Morgan City,US,29.6994,-91.2068,59.0,88,0,5.75,clear sky
156,Asau,RO,46.4333,26.4,36.95,63,91,1.39,overcast clouds
157,Abagur,RU,53.7308,87.2526,24.22,88,100,2.59,light snow
158,Guerrero Negro,MX,27.9769,-114.0611,59.59,88,27,10.65,scattered clouds
159,West Wendover,US,40.7391,-114.0733,38.41,81,20,3.44,few clouds
160,Sinnamary,GF,5.3833,-52.95,75.78,89,97,9.17,overcast clouds
161,Hobart,AU,-42.8794,147.3294,72.23,74,75,17.27,broken clouds
162,Urumqi,CN,43.801,87.6005,38.35,87,75,2.24,broken clouds
163,San Andres,CO,12.5847,-81.7006,80.62,74,20,12.66,few clouds
164,Fortuna,US,40.5982,-124.1573,47.66,95,100,5.75,overcast clouds
165,Volovo,UA,48.5246,23.5056,37.15,76,100,2.77,overcast clouds
166,Mar Del Plata,AR,-38.0023,-57.5575,62.87,87,0,21.99,clear sky
167,Sao Gabriel Da Cachoeira,BR,-0.1303,-67.0892,71.87,100,97,2.08,overcast clouds
168,Cidreira,BR,-30.1811,-50.2056,73.67,76,100,14.14,overcast clouds
169,Tyubuk,RU,56.0552,60.9405,8.96,91,98,2.44,overcast clouds
170,Teruel,ES,40.6667,-0.6667,38.07,84,100,6.04,overcast clouds
171,Qui Nhon,VN,13.7667,109.2333,79.61,71,85,8.19,overcast clouds
172,New Norfolk,AU,-42.7826,147.0587,72.88,64,90,4.0,overcast clouds
173,Bilma,NE,18.6853,12.9164,62.98,20,16,8.93,few clouds
174,Jacareacanga,BR,-6.2222,-57.7528,71.13,99,100,1.97,overcast clouds
175,Oboyan,RU,51.2098,36.2792,15.21,95,72,8.28,broken clouds
176,Sao Filipe,CV,14.8961,-24.4956,69.19,72,4,12.77,clear sky
177,Ostrovnoy,RU,68.0531,39.5131,29.91,88,53,15.48,broken clouds
178,Komsomolskiy,UZ,40.4272,71.7189,47.12,87,100,2.3,mist
179,Kloulklubed,PW,7.0419,134.2556,82.9,81,100,11.97,overcast clouds
180,La Plaine,DM,15.3333,-61.25,75.49,77,49,22.15,scattered clouds
181,Coquimbo,CL,-29.9533,-71.3436,61.63,88,12,2.66,few clouds
182,Te Anau,NZ,-45.4167,167.7167,62.17,61,23,2.75,few clouds
183,Jemnice,CZ,49.019,15.5699,41.23,90,100,18.16,overcast clouds
184,Fort Nelson,CA,58.8053,-122.7002,13.59,85,75,2.3,broken clouds
185,Santa Cruz,BO,-17.8,-63.1667,65.66,88,17,4.61,few clouds
186,Longyearbyen,SJ,78.2186,15.6401,40.84,70,75,24.16,moderate rain
187,Taksimo,RU,56.3444,114.8794,5.72,61,39,0.31,scattered clouds
188,Makakilo City,US,21.3469,-158.0858,75.56,70,0,4.61,clear sky
189,Colares,PT,38.7992,-9.4469,60.48,66,40,19.82,scattered clouds
190,Lamin,GM,13.3522,-16.4339,66.31,47,32,11.05,scattered clouds
191,Plouzane,FR,48.3833,-4.6167,50.32,97,100,6.91,mist
192,Rio Grande,BR,-32.035,-52.0986,65.95,89,1,11.03,clear sky
193,Dunedin,NZ,-45.8742,170.5036,53.8,72,100,5.01,overcast clouds
194,Praya,CV,14.9215,-23.5087,68.54,64,40,18.41,scattered clouds
195,Boden,SE,65.8252,21.6886,24.8,96,20,5.32,few clouds
196,Byron Bay,AU,-28.65,153.6167,73.71,84,63,9.53,broken clouds
197,Sangar,RU,63.9242,127.4739,0.77,83,86,3.29,overcast clouds
198,Avarua,CK,-21.2078,-159.775,78.85,83,19,2.3,few clouds
199,Teknaf,BD,20.8624,92.3058,87.03,42,20,9.66,few clouds
200,Togur,RU,58.3631,82.8265,11.08,87,97,6.2,overcast clouds
201,Valleyview,CA,55.0667,-117.2859,35.64,60,73,9.22,broken clouds
202,North Myrtle Beach,US,33.816,-78.68,62.11,80,75,4.61,broken clouds
203,Huarmey,PE,-10.0681,-78.1522,72.18,77,25,6.58,scattered clouds
204,Port Elizabeth,ZA,-33.918,25.5701,62.89,94,20,5.75,few clouds
205,Cherskiy,RU,68.75,161.3,0.45,96,100,6.82,overcast clouds
206,Sambava,MG,-14.2667,50.1667,80.89,77,100,2.93,overcast clouds
207,Kruisfontein,ZA,-34.0033,24.7314,59.88,69,6,3.06,clear sky
208,Chitipa,MW,-9.7024,33.2697,67.69,91,99,1.16,overcast clouds
209,Butembo,CD,0.15,29.2833,72.54,51,77,0.76,broken clouds
210,Pathardi,IN,19.1667,75.1833,94.64,12,64,8.66,broken clouds
211,Imperia,IT,43.9667,7.7833,50.0,81,74,7.36,broken clouds
212,Duldurga,RU,50.6761,113.5931,15.19,49,50,12.26,scattered clouds
213,Rawatbhata,IN,24.9333,75.5833,99.64,10,46,15.52,scattered clouds
214,Palmer,US,42.1584,-72.3287,41.95,90,75,3.44,broken clouds
215,Maniitsoq,GL,65.4167,-52.9,-4.47,96,100,5.3,light snow
216,Acarau,BR,-2.8856,-40.12,75.72,89,100,2.84,overcast clouds
217,Fruitvale,US,39.0817,-108.4968,46.0,49,0,4.61,clear sky
218,Kodiak,US,57.79,-152.4072,36.91,87,100,10.36,light rain
219,Courtenay,CA,49.6866,-124.9936,48.13,81,20,0.0,few clouds
220,Navlya,RU,52.8281,34.4989,23.14,85,10,6.04,clear sky
221,Khartoum,SD,15.5518,32.5324,62.02,26,31,3.0,scattered clouds
222,Srednekolymsk,RU,67.45,153.6833,0.66,90,100,5.99,overcast clouds
223,Hasaki,JP,35.7333,140.8333,63.28,70,30,8.41,scattered clouds
224,San Carlos De Bariloche,AR,-41.1456,-71.3082,53.35,62,0,6.91,clear sky
225,Port Hedland,AU,-20.3167,118.5667,100.45,44,36,14.97,scattered clouds
226,Bhigvan,IN,18.3167,74.7667,95.65,12,68,8.59,broken clouds
227,Mobile,US,30.7835,-88.2,60.35,91,0,0.0,clear sky
228,Airai,TL,-8.9266,125.4092,69.91,80,38,3.44,scattered clouds
229,Olinda,BR,-8.0089,-34.8553,80.33,83,40,6.91,scattered clouds
230,Mayor Pablo Lagerenza,PY,-19.9309,-60.7718,66.13,50,0,3.87,clear sky
231,Mandalgovi,MN,45.7625,106.2708,21.27,26,83,6.96,broken clouds
232,Paamiut,GL,61.994,-49.6678,4.41,92,100,3.83,light snow
233,Billings,US,45.7833,-108.5007,47.28,62,75,21.85,broken clouds
234,Yerbogachen,RU,61.2767,108.0108,8.8,79,100,5.5,overcast clouds
235,Kondagaon,IN,19.6,81.6667,97.86,12,77,6.42,broken clouds
236,Wasilla,US,61.5814,-149.4394,28.74,53,100,12.66,overcast clouds
237,Coihaique,CL,-45.5752,-72.0662,57.15,67,37,2.3,light rain
238,Margate,GB,51.3813,1.3862,47.3,87,100,4.0,overcast clouds
239,Ponot,PH,8.452,123.0222,83.97,80,76,7.65,broken clouds
240,Klaksvik,FO,62.2266,-6.589,40.12,64,55,20.56,broken clouds
241,Bandarban,BD,22.1965,92.2262,99.66,14,3,4.52,clear sky
242,Robertsport,LR,6.7533,-11.3686,78.04,86,73,2.37,broken clouds
243,Ilulissat,GL,69.2167,-51.1,-3.98,54,100,14.97,overcast clouds
244,Kavieng,PG,-2.5744,150.7967,84.02,70,87,10.65,overcast clouds
245,Severo-Kurilsk,RU,50.6789,156.125,30.36,80,58,10.56,broken clouds
246,Hays,US,30.0502,-98.0336,57.36,66,0,3.56,clear sky
247,Saint-Leu,RE,-21.15,55.2833,85.03,74,69,2.1,broken clouds
248,Tuktoyaktuk,CA,69.4541,-133.0374,-21.37,99,16,9.1,few clouds
249,Talara,PE,-4.5772,-81.2719,76.75,78,78,8.95,broken clouds
250,Liverpool,GB,53.4106,-2.9779,46.94,88,20,4.61,few clouds
251,Neryungri,RU,56.6709,124.6491,2.88,92,100,14.32,light snow
252,Luquillo,PR,18.3725,-65.7166,75.15,94,100,6.91,overcast clouds
253,Hofn,IS,64.2539,-15.2082,35.44,71,84,34.96,moderate rain
254,Lasa,IT,46.6166,10.7002,38.28,82,88,5.97,overcast clouds
255,Tessalit,ML,20.1986,1.0114,70.23,14,25,5.46,scattered clouds
256,Plettenberg Bay,ZA,-34.0527,23.3716,63.84,69,8,3.74,clear sky
257,Lebu,CL,-37.6167,-73.65,56.17,93,8,10.13,clear sky
258,Kijabe,KE,-0.933,36.5758,68.41,66,18,1.83,few clouds
259,Mananjary,MG,-21.2167,48.3333,77.67,85,90,1.28,overcast clouds
260,Erzin,TR,36.9559,36.2,40.1,47,0,3.38,clear sky
261,Yenagoa,NG,4.9247,6.2642,77.16,91,94,1.61,overcast clouds
262,Atambua,ID,-9.1061,124.8925,83.28,68,22,0.4,few clouds
263,Arman,RU,59.7,150.1667,30.02,76,97,3.36,overcast clouds
264,Saskylakh,RU,71.9167,114.0833,-8.12,93,97,5.55,overcast clouds
265,Sisimiut,GL,66.9395,-53.6735,-7.51,97,100,8.41,overcast clouds
266,Vanderhoof,CA,54.0166,-124.0198,35.44,75,100,10.31,overcast clouds
267,Henties Bay,NA,-22.116,14.2845,62.38,85,16,3.76,few clouds
268,Kununurra,AU,-15.7667,128.7333,98.58,49,40,5.75,scattered clouds
269,Arlit,NE,18.7369,7.3853,71.46,11,11,8.37,few clouds
270,Pedra Azul,BR,-16.0053,-41.2972,66.42,99,44,2.86,scattered clouds
271,Chokurdakh,RU,70.6333,147.9167,-9.0,90,90,13.13,overcast clouds
272,Ishinomaki,JP,38.4167,141.3,48.2,71,71,9.42,broken clouds
273,Mahon,ES,39.8885,4.2658,57.76,94,75,19.57,mist
274,Dapaong,TG,10.8639,0.205,79.2,26,100,4.47,overcast clouds
275,Pisco,PE,-13.7,-76.2167,68.05,77,0,4.61,clear sky
276,Taoudenni,ML,22.6783,-3.9836,62.47,26,0,12.55,clear sky
277,Handan,CN,36.6006,114.4678,55.53,44,100,17.38,light rain
278,Kristiinankaupunki,FI,62.2743,21.376,27.68,88,25,7.65,scattered clouds
279,Port Keats,AU,-14.25,129.55,92.82,51,88,0.85,overcast clouds
280,Itoman,JP,26.1247,127.6694,78.82,61,75,10.36,broken clouds
281,Camacha,PT,33.0833,-16.3333,56.62,63,75,28.77,broken clouds
282,Lagoa,PT,39.05,-27.9833,56.12,55,93,5.86,overcast clouds
283,Otradnoye,RU,59.7775,30.8181,33.04,91,36,4.81,scattered clouds
284,Qaqortoq,GL,60.7167,-46.0333,-6.34,69,98,8.39,overcast clouds
285,Saint George,US,37.1041,-113.5841,60.64,27,0,1.99,clear sky
286,Filadelfia,US,39.9523,-75.1638,54.75,60,20,3.44,few clouds
287,Provideniya,RU,64.3833,-173.3,4.69,80,0,5.06,clear sky
288,Chicama,PE,-7.8447,-79.1469,66.74,70,38,3.8,scattered clouds
289,Roseau,DM,15.3017,-61.3881,76.62,74,24,21.45,few clouds
290,Monrovia,LR,6.3005,-10.7969,77.31,87,65,1.21,broken clouds
291,Soyo,AO,-6.1349,12.3689,79.41,80,100,5.37,overcast clouds
292,Mogocha,RU,53.7333,119.7667,9.23,54,99,11.77,overcast clouds
293,Kholodnyy,RU,62.7167,147.95,5.18,86,70,1.23,broken clouds
294,Iskateley,RU,67.6803,53.1512,22.84,94,100,12.03,overcast clouds
295,Westport,US,41.1415,-73.3579,51.94,83,0,1.01,clear sky
296,Traverse City,US,44.7631,-85.6206,37.62,80,0,5.75,clear sky
297,Umm Lajj,SA,25.0213,37.2685,62.17,34,0,31.7,clear sky
298,Cockburn Town,TC,21.4612,-71.1419,77.18,75,1,21.59,clear sky
299,Hualmay,PE,-11.0964,-77.6139,71.51,79,27,6.73,scattered clouds
300,Bud,US,39.447,-86.1758,55.15,88,9,3.02,clear sky
301,Walvis Bay,NA,-22.9575,14.5053,60.1,100,100,4.61,fog
302,Namatanai,PG,-3.6667,152.4333,82.36,73,94,6.53,overcast clouds
303,Perth,AU,-31.9333,115.8333,80.78,57,75,17.27,broken clouds
304,Ternate,ID,0.8,127.4,84.43,73,62,0.2,broken clouds
305,Bougouni,ML,11.417,-7.479,80.74,49,43,5.28,scattered clouds
306,Guapore,BR,-28.8456,-51.8903,67.71,100,98,1.5,overcast clouds
307,Samarai,PG,-10.6167,150.6667,85.1,72,73,14.27,broken clouds
308,Katima Mulilo,NA,-17.5,24.2667,70.03,89,100,1.05,overcast clouds
309,Opuwo,NA,-18.0607,13.84,68.04,56,78,0.34,broken clouds
310,Miranda De Ebro,ES,42.6865,-2.947,51.57,96,80,2.21,broken clouds
311,Presidencia Roque Saenz Pena,AR,-26.7852,-60.4388,62.64,66,0,3.13,clear sky
312,Lewiston,US,44.1003,-70.2148,35.35,97,100,3.44,snow
313,Touros,BR,-5.1989,-35.4608,77.79,85,99,6.89,overcast clouds
314,Comodoro Rivadavia,AR,-45.8667,-67.5,66.06,39,0,16.11,clear sky
315,Guanica,PR,17.9716,-66.908,76.05,78,1,6.33,clear sky
316,Lompoc,US,34.6391,-120.4579,53.74,88,100,21.0,overcast clouds
317,Voyinka,UA,45.8699,33.9914,32.88,60,42,13.2,scattered clouds
318,Tomaszow Mazowiecki,PL,51.5313,20.0086,42.28,10,100,9.06,overcast clouds
319,Dire Dawa,ET,9.5931,41.8661,75.4,32,65,6.13,broken clouds
320,Bardiyah,LY,31.7561,25.0865,51.84,63,12,6.53,few clouds
321,Hami,CN,42.8,93.45,54.99,33,100,7.45,overcast clouds
322,Pochutla,MX,15.7432,-96.4661,74.82,74,0,2.62,clear sky
323,Iqaluit,CA,63.7506,-68.5145,-9.31,69,100,9.22,light snow
324,Amapa,BR,1.0,-52.0,69.87,100,100,1.23,overcast clouds
325,Nanning,CN,22.8167,108.3167,75.65,87,100,17.16,overcast clouds
326,Chilca,PE,-12.5211,-76.7372,71.33,79,56,4.72,broken clouds
327,Khorinsk,RU,52.1657,109.7726,12.7,64,54,6.6,broken clouds
328,Izumo,JP,35.3667,132.7667,64.35,42,20,12.66,few clouds
329,Dudinka,RU,69.4058,86.1778,4.62,93,100,15.5,overcast clouds
330,Tres Arroyos,AR,-38.3739,-60.2798,61.43,51,3,9.1,clear sky
331,Loandjili,CG,-4.7561,11.8578,78.91,94,40,3.44,scattered clouds
332,Staryy Nadym,RU,65.6118,72.6842,23.59,93,100,15.99,light snow
333,Massaguet,TD,12.4755,15.4365,71.29,13,44,16.8,scattered clouds
334,Labuhan,ID,-6.8844,112.2051,86.11,67,79,9.01,broken clouds
335,Sao Joao Da Barra,BR,-21.6403,-41.0511,77.14,88,0,16.6,clear sky
336,Gorele,TR,41.0308,39.0031,36.68,96,100,10.2,light rain
337,Quatre Cocos,MU,-20.2078,57.7625,85.08,75,74,5.26,broken clouds
338,Beringovskiy,RU,63.05,179.3167,-6.72,99,11,3.0,few clouds
339,Puerto Madryn,AR,-42.7692,-65.0385,72.72,35,0,11.41,clear sky
340,Kenitra,MA,34.261,-6.5802,50.76,75,96,5.37,overcast clouds
341,Calamar,CO,10.2511,-74.9146,78.69,73,5,2.59,clear sky
342,Urazovo,RU,50.0836,38.0395,15.26,94,93,8.66,overcast clouds
343,Alappuzha,IN,9.49,76.3264,86.31,63,88,7.25,overcast clouds
344,Mogadishu,SO,2.0371,45.3438,84.07,74,75,18.41,broken clouds
345,Nueva Rosita,MX,27.95,-101.2167,59.38,21,0,3.74,clear sky
346,Muros,ES,42.7762,-9.0603,56.08,84,100,14.83,overcast clouds
347,Leme,BR,-22.1856,-47.3903,66.74,98,93,2.48,overcast clouds
348,Puerto Escondido,MX,15.85,-97.0667,79.63,69,0,0.0,clear sky
349,Zakopane,PL,49.299,19.9489,35.38,98,100,0.65,snow
350,Garowe,SO,8.4054,48.4845,75.72,52,36,9.64,scattered clouds
351,Lorengau,PG,-2.0226,147.2712,84.29,74,92,8.95,overcast clouds
352,San Juan Bautista,PE,-14.0108,-75.7358,72.82,62,1,1.92,clear sky
353,Arkadelphia,US,34.1209,-93.0538,54.45,96,37,3.78,scattered clouds
354,Linguere,SN,15.3953,-15.1193,68.22,64,0,4.61,clear sky
355,Mahebourg,MU,-20.4081,57.7,85.24,79,75,8.05,broken clouds
356,Belen,TR,36.4891,36.2233,32.14,65,0,6.91,clear sky
357,Matara,LK,5.9485,80.5353,80.28,82,100,6.6,overcast clouds
358,Oranjestad,AW,12.524,-70.027,78.42,80,3,23.55,clear sky
359,Sao Felix Do Xingu,BR,-6.6447,-51.995,70.02,99,100,1.01,heavy intensity rain
360,Kutum,SD,14.2,24.6667,53.37,21,11,16.4,few clouds
361,Puro,PH,12.4841,123.3827,88.52,62,54,5.82,light rain
362,Tchaourou,BJ,8.8865,2.5975,77.05,78,82,4.16,broken clouds
363,Vila Velha,BR,-20.3297,-40.2925,75.94,91,75,3.44,broken clouds
364,Umba,RU,66.6871,34.3429,21.2,99,91,4.41,overcast clouds
365,Calderitas,MX,18.55,-88.25,76.19,87,3,4.72,clear sky
366,College,US,64.8569,-147.8028,0.0,61,40,5.75,scattered clouds
367,Kieta,PG,-6.2167,155.6333,83.66,69,88,4.09,overcast clouds
368,Novikovo,RU,51.1537,37.8879,13.05,91,72,8.48,broken clouds
369,Puerto Cabezas,NI,14.0351,-83.3888,74.79,88,37,6.8,scattered clouds
370,Champerico,GT,14.3,-91.9167,78.64,68,8,5.03,clear sky
371,Soldotna,US,60.4878,-151.0583,26.96,89,100,10.36,mist
372,Bowen,AU,-20.0167,148.2333,82.35,67,100,17.96,overcast clouds
373,Keuruu,FI,62.2667,24.7,15.98,98,100,4.25,overcast clouds
374,Doha,QA,25.2867,51.5333,78.78,59,0,14.97,clear sky
375,Kuminskiy,RU,58.6667,66.5667,15.94,88,99,4.74,overcast clouds
376,Sorland,NO,67.667,12.6934,40.77,83,1,27.11,clear sky
377,Ulladulla,AU,-35.35,150.4667,73.76,87,100,6.17,overcast clouds
378,Marsh Harbour,BS,26.5412,-77.0636,74.55,86,4,11.16,clear sky
379,Zeya,RU,53.75,127.2667,27.43,93,100,5.61,snow
380,Taft,IR,31.7471,54.2088,73.35,20,20,16.11,few clouds
381,Georgiyevka,KZ,43.0369,74.7114,42.84,87,75,8.95,broken clouds
382,Bonfim,BR,3.0833,-59.95,76.32,84,100,7.16,overcast clouds
383,Aitape,PG,-3.1374,142.3475,86.18,66,92,8.48,overcast clouds
384,Alexandria,EG,31.2156,29.9553,55.36,54,40,5.75,scattered clouds
385,Oriximina,BR,-1.7656,-55.8661,71.69,91,100,2.19,overcast clouds
386,Itaocara,BR,-21.6692,-42.0761,71.73,95,18,0.78,few clouds
387,Upata,VE,8.0086,-62.3989,71.11,92,98,5.66,overcast clouds
388,Lata,PT,40.1629,-8.3327,54.91,83,38,3.24,scattered clouds
389,Newala,TZ,-10.9431,39.2787,71.19,92,89,2.19,light rain
390,Vila Franca Do Campo,PT,37.7167,-25.4333,56.19,66,59,8.43,broken clouds
391,Itarema,BR,-2.9248,-39.9167,75.27,91,100,3.85,overcast clouds
392,Hovd,MN,48.0056,91.6419,35.64,22,0,1.74,clear sky
393,High Level,CA,58.5169,-117.136,8.71,92,40,0.0,scattered clouds
394,Krapkowice,PL,50.4752,17.9654,41.49,95,100,6.71,light rain
395,Alihe,CN,50.5667,123.7167,16.45,60,56,13.76,broken clouds
396,Muchkapskiy,RU,51.8513,42.4717,13.21,86,7,15.48,clear sky
397,Clyde River,CA,70.4692,-68.5914,-25.37,75,100,3.44,overcast clouds
398,Bambous Virieux,MU,-20.3428,57.7575,85.21,79,75,8.05,light rain
399,Kangaatsiaq,GL,68.3065,-53.4641,-9.76,98,100,4.83,overcast clouds
400,Marsa Matruh,EG,31.3525,27.2453,55.6,58,40,8.05,scattered clouds
401,Blagoyevo,RU,63.3667,47.9167,18.37,90,84,5.97,broken clouds
402,Viransehir,TR,37.2353,39.7631,41.07,32,10,15.23,clear sky
403,Altay,CN,47.8667,88.1167,29.55,72,29,5.06,scattered clouds
404,Bathsheba,BB,13.2167,-59.5167,77.61,73,40,24.16,scattered clouds
405,Robat Karim,IR,35.4846,51.0829,60.66,43,0,25.32,clear sky
406,Laibin,CN,23.7,109.2667,74.86,70,100,15.28,overcast clouds
407,Manono,CD,-7.3,27.4167,73.94,85,97,2.33,overcast clouds
408,Tucuman,AR,-26.8241,-65.2226,62.6,82,0,10.36,clear sky
409,Kokopo,PG,-4.352,152.2633,80.92,69,100,2.64,overcast clouds
410,Abilene,US,32.4487,-99.7331,54.09,45,0,6.91,clear sky
411,Constitucion,CL,-35.3333,-72.4167,58.73,92,70,1.25,broken clouds
412,Dinard,FR,48.6314,-2.0614,52.18,93,100,8.05,overcast clouds
413,Japura,ID,-0.3167,102.35,89.8,60,98,2.53,overcast clouds
414,Ginda,IN,30.6945,78.4932,78.49,13,0,7.4,clear sky
415,Shellbrook,CA,53.2168,-106.4011,24.03,99,100,1.48,light snow
416,Haines Junction,CA,60.7522,-137.5108,23.99,97,96,4.27,light snow
417,Camana,PE,-16.6228,-72.7111,71.47,87,5,8.63,clear sky
418,Boffa,GN,10.1667,-14.0333,72.5,90,75,2.77,broken clouds
419,Aktau,KZ,43.65,51.2,37.98,61,100,1.9,overcast clouds
420,Atar,MR,20.5169,-13.0499,57.56,40,0,12.91,clear sky
421,Yining,CN,29.0361,114.5636,80.53,61,100,5.08,overcast clouds
422,Idritsa,RU,56.3316,28.8988,27.12,81,6,6.29,clear sky
423,Te Karaka,NZ,-38.4654,177.8679,58.8,92,100,4.83,overcast clouds
424,Guiratinga,BR,-16.3494,-53.7583,70.63,94,100,1.7,overcast clouds
425,Oxford,GB,51.7522,-1.256,49.05,94,100,4.61,overcast clouds
426,Yabrud,SY,33.9674,36.6574,28.33,43,5,3.69,clear sky
427,Okhotsk,RU,59.3833,143.3,18.45,77,71,4.16,broken clouds
428,Sovetskiy,RU,61.3614,63.5842,19.09,79,28,6.8,scattered clouds
429,Yulara,AU,-25.2406,130.9889,100.24,16,29,12.66,scattered clouds
430,Ovalle,CL,-30.5983,-71.2003,65.93,74,6,2.28,clear sky
431,Souillac,MU,-20.5167,57.5167,84.58,79,75,8.05,light rain
432,Verkhnevilyuysk,RU,63.4453,120.3167,7.12,73,88,4.25,overcast clouds
433,Erenhot,CN,43.6475,111.9767,26.33,37,100,9.08,overcast clouds
434,Gornyy,RU,55.1153,83.9059,12.78,88,100,5.59,overcast clouds
435,Mitchell,US,43.7094,-98.0298,46.38,49,0,11.5,clear sky
436,Ulaanbaatar,MN,47.9077,106.8832,17.73,23,0,8.95,clear sky
437,Alindao,CF,5.0267,21.2088,78.46,27,78,3.62,broken clouds
438,Humboldt,US,40.6665,-123.9178,38.61,96,100,2.28,overcast clouds
439,Fort-Shevchenko,KZ,44.5086,50.263,34.7,83,100,7.74,overcast clouds
440,Baykit,RU,61.67,96.37,14.36,82,100,4.41,overcast clouds
441,Zlobin,HR,45.2924,14.6541,41.16,89,75,4.61,broken clouds
442,Oranjemund,NA,-28.55,16.4333,60.28,90,3,9.8,clear sky
443,Yotoco,CO,3.8605,-76.3836,66.34,94,62,0.72,broken clouds
444,Paranaiba,BR,-19.6772,-51.1908,69.62,71,67,1.39,broken clouds
445,Leshukonskoye,RU,64.8989,45.7622,20.37,90,66,8.03,broken clouds
446,Victoria,HK,22.2855,114.1577,77.97,77,99,8.99,overcast clouds
447,Boda,CF,4.3189,17.4695,74.89,68,73,6.26,broken clouds
448,Red Bluff,US,40.1785,-122.2358,57.88,58,0,6.91,clear sky
449,Derzhavinsk,KZ,51.1,66.3167,7.23,94,100,5.44,overcast clouds
450,Kenai,US,60.5544,-151.2583,27.03,90,100,10.36,light snow
451,Husavik,IS,66.0449,-17.3389,24.31,78,68,18.3,broken clouds
452,West Plains,US,36.7281,-91.8524,45.9,91,0,0.0,clear sky
453,Port Macquarie,AU,-31.4333,152.9167,75.88,74,47,8.34,scattered clouds
454,Gallup,US,35.5281,-108.7426,36.36,51,0,3.44,clear sky
455,Sampit,ID,-2.5333,112.95,87.17,60,83,3.44,light rain
456,Lingyuan,CN,41.24,119.4011,37.51,27,86,16.15,overcast clouds
457,Lujiang,CN,31.2581,117.2817,83.79,45,100,10.67,overcast clouds
458,Glyadyanskoye,RU,54.9075,65.0883,8.15,92,97,4.21,overcast clouds
459,Teguldet,RU,57.3064,88.1667,17.87,76,80,4.14,broken clouds
460,Coahuayana,MX,18.7333,-103.6833,69.17,72,0,2.89,clear sky
461,Ustye,RU,59.6304,39.736,15.4,91,57,3.31,broken clouds
462,Mount Pleasant,US,32.7941,-79.8626,63.07,90,40,6.91,scattered clouds
463,Susanville,US,40.4163,-120.653,42.64,80,20,6.91,few clouds
464,Delijan,IR,33.9905,50.6838,55.71,28,1,27.47,clear sky
465,Uribia,CO,11.7139,-72.266,77.65,74,12,13.71,few clouds
466,Tucurui,BR,-3.7661,-49.6725,70.81,99,100,1.68,heavy intensity rain
467,Bogale,MM,16.2833,95.4,99.61,24,64,6.58,broken clouds
468,Marawi,PH,7.9986,124.2928,78.22,85,56,3.8,moderate rain
469,Xuanhua,CN,40.6103,115.0447,48.67,23,98,9.33,overcast clouds
470,Tigil,RU,57.8,158.6667,16.34,92,49,4.54,scattered clouds
471,Bisho,ZA,-32.8472,27.4422,59.63,81,34,2.68,scattered clouds
472,Wamba,NG,8.9333,8.6,71.44,22,48,2.57,scattered clouds
473,Beloha,MG,-25.1667,45.05,83.14,55,6,3.62,clear sky
474,Aloleng,PH,16.1307,119.7824,84.22,71,68,10.07,broken clouds
475,Poum,NC,-20.2333,164.0167,83.86,76,93,11.25,overcast clouds
476,Puri,IN,19.8,85.85,93.72,51,76,10.33,broken clouds
477,Vostok,RU,46.4856,135.8833,32.16,74,99,2.24,light snow
478,Carauari,BR,-4.8828,-66.8958,72.28,99,69,2.15,broken clouds
479,Kirovskiy,RU,45.0917,133.5136,34.59,98,100,4.07,light snow
480,Chama,CH,47.1821,8.4636,47.25,93,20,0.0,mist
481,San Patricio,US,28.017,-97.5169,62.83,53,0,6.87,clear sky
482,Skjervoy,NO,70.0311,20.9714,28.4,63,0,11.9,clear sky
483,Solikamsk,RU,59.6196,56.7729,14.65,86,22,3.02,few clouds
484,Berlevag,NO,70.8578,29.0864,39.15,52,0,32.21,clear sky
485,Del Rio,US,29.3627,-100.8968,55.51,26,0,4.61,clear sky
486,Denia,ES,38.8408,0.1057,58.8,93,98,8.99,overcast clouds
487,Yurga,RU,55.7231,84.8861,11.62,90,96,4.9,overcast clouds
488,Kanye,BW,-24.9667,25.3327,63.54,53,0,8.16,clear sky
489,Canon City,US,38.441,-105.2424,55.38,27,0,8.99,clear sky
490,Mattru,SL,7.6244,-11.8332,73.0,89,81,1.28,broken clouds
491,Ouegoa,NC,-20.35,164.4333,83.97,75,99,7.38,overcast clouds
492,Zhezkazgan,KZ,47.8043,67.7144,19.38,73,20,13.42,few clouds
493,Saldanha,ZA,-33.0117,17.9442,60.85,85,2,16.28,clear sky
494,Isangel,VU,-19.55,169.2667,83.75,75,88,5.32,light rain
495,Maarianhamina,AX,60.0973,19.9348,28.26,100,0,2.3,clear sky
496,Cabedelo,BR,-6.9811,-34.8339,77.67,84,51,5.84,broken clouds
497,Nancha,CN,47.1333,129.2667,32.49,71,100,12.55,overcast clouds
498,Tabuk,PH,17.4189,121.4443,84.81,72,98,3.8,overcast clouds
499,General Pico,AR,-35.6566,-63.7568,63.82,48,0,6.49,clear sky
500,Boende,CD,-0.2167,20.8667,71.69,95,100,3.96,overcast clouds
501,Masoko,TZ,-9.3333,33.75,73.94,85,100,0.89,overcast clouds
502,Kralendijk,BQ,12.15,-68.2667,78.78,78,75,16.11,broken clouds
503,Spearfish,US,44.4908,-103.8594,49.66,51,87,1.99,overcast clouds
504,Namibe,AO,-15.1961,12.1522,70.27,75,22,0.38,few clouds
505,Tautira,PF,-17.7333,-149.15,80.53,72,24,4.12,few clouds
506,Carballo,ES,43.213,-8.691,55.0,93,100,8.63,overcast clouds
507,Faya,SA,18.3851,42.4509,61.32,66,19,6.02,few clouds
508,Ashcroft,CA,50.7165,-121.2859,35.46,91,99,4.74,overcast clouds
509,Sucua,EC,-2.4667,-78.1667,66.06,94,87,3.13,overcast clouds
510,Ust-Maya,RU,60.4167,134.5333,12.2,83,100,5.73,overcast clouds
511,Kaeo,NZ,-35.1,173.7833,69.33,81,100,7.56,light rain
512,San Ramon De La Nueva Oran,AR,-23.1322,-64.326,68.43,84,100,2.1,overcast clouds
513,Rocha,UY,-34.4833,-54.3333,59.81,80,0,5.95,clear sky
514,Padre Paraiso,BR,-17.0742,-41.4844,65.62,99,54,1.81,broken clouds
515,Igrim,RU,63.1906,64.4162,19.27,86,100,8.05,overcast clouds
516,Milkovo,RU,54.7167,158.6167,18.28,91,30,0.45,scattered clouds
517,Toccoa,US,34.5773,-83.3324,57.85,83,100,0.0,moderate rain
518,Kaili,ID,-3.4626,120.2147,77.47,83,36,2.71,light rain
519,Caravelas,BR,-17.7125,-39.2481,74.34,92,31,4.74,scattered clouds
520,Beira,MZ,-19.8436,34.8389,80.69,83,40,5.75,scattered clouds
521,Trairi,BR,-3.2778,-39.2689,72.84,96,88,4.5,overcast clouds
522,Richards Bay,ZA,-28.783,32.0377,72.95,76,49,8.28,light rain
523,Ixtapa,MX,20.7,-105.2,69.22,88,0,2.68,clear sky
524,Cartagena,CO,10.3997,-75.5144,78.42,83,0,6.91,clear sky
525,Gazanjyk,TM,39.2446,55.5154,44.98,87,100,4.38,overcast clouds
526,Ilesha,NG,7.1371,5.2583,77.9,84,72,2.77,broken clouds
527,Ahipara,NZ,-35.1667,173.1667,66.2,84,100,6.49,light rain
528,Barberton,ZA,-25.7884,31.0532,64.49,84,99,1.68,overcast clouds
529,Buzmeyin,TM,38.0507,58.2056,44.33,100,100,6.91,mist
530,Shache,CN,38.4167,77.2406,73.0,14,20,2.93,few clouds
531,Kuytun,RU,54.3419,101.5036,12.88,83,75,5.23,broken clouds
532,Hobyo,SO,5.3505,48.5268,83.48,58,6,16.91,clear sky
533,Tezu,IN,27.9167,96.1667,96.31,14,0,5.35,clear sky
534,Amol,IR,36.4696,52.3507,42.8,89,100,18.21,overcast clouds
535,Kodinsk,RU,58.6881,99.1844,15.49,82,100,5.61,overcast clouds
536,Necochea,AR,-38.5473,-58.7368,59.49,68,0,12.66,clear sky
537,Roebourne,AU,-20.7833,117.1333,105.35,22,95,9.08,overcast clouds
538,Rio Gallegos,AR,-51.6226,-69.2181,55.45,71,75,6.91,broken clouds
539,Southbridge,US,42.0751,-72.0334,40.93,95,99,1.01,overcast clouds
540,Oyama,JP,36.3,139.8,69.58,39,24,6.38,few clouds
541,Rawson,AR,-43.3002,-65.1023,69.06,42,0,9.31,clear sky
542,Nanakuli,US,21.3906,-158.1547,76.98,69,0,0.0,clear sky
543,Tulagi,SB,-9.0996,160.1476,82.29,66,90,0.27,overcast clouds
544,Narasannapeta,IN,18.4167,84.05,95.4,31,82,9.86,broken clouds
545,Ikungi,TZ,-5.1333,34.7667,69.55,81,44,4.54,light rain
546,Brae,GB,60.3964,-1.353,43.14,82,100,9.42,overcast clouds
547,Jihlava,CZ,49.3961,15.5912,40.3,94,100,15.14,overcast clouds
548,Ust-Kulom,RU,61.6864,53.6902,21.42,85,58,4.16,broken clouds
549,Tuy Hoa,VN,13.0833,109.3,81.32,68,100,9.35,overcast clouds
550,Jinxiang,CN,27.4327,120.6062,67.95,81,100,5.26,overcast clouds
551,Mount Darwin,ZW,-16.7725,31.5838,73.33,86,100,4.03,moderate rain
552,Havelock,US,34.8791,-76.9013,60.93,90,100,1.5,overcast clouds
553,Alugan,PH,12.2188,125.4808,83.77,76,100,8.72,overcast clouds
554,Noumea,NC,-22.2763,166.4572,87.78,99,85,2.8,overcast clouds
555,Bhadasar,IN,28.2833,74.3167,99.91,10,94,12.48,overcast clouds
556,Tulun,RU,54.5611,100.5792,16.14,79,20,4.27,few clouds
557,Punta Alta,AR,-38.8759,-62.0736,68.05,44,0,9.86,clear sky
558,La Romana,DO,18.4273,-68.9728,72.14,86,2,11.45,clear sky
559,Canete,CL,-37.8,-73.4,56.84,78,7,3.22,clear sky
560,Vallenar,CL,-28.5708,-70.7581,65.55,77,1,4.21,clear sky
561,Kushima,JP,31.4583,131.2333,76.71,29,0,6.08,clear sky
562,Doka,SD,13.5167,35.7667,77.27,36,66,16.35,broken clouds
563,Salalah,OM,17.0151,54.0924,82.49,61,0,2.3,clear sky
564,Palanga,LT,55.9175,21.0686,33.82,75,0,1.14,clear sky
565,Hirara,JP,24.8,125.2833,79.07,61,75,16.11,broken clouds
566,Rongcheng,CN,30.634,117.8517,85.78,39,100,2.44,light rain
567,Bremervorde,DE,53.4833,9.1333,41.22,89,98,5.99,overcast clouds
568,Mackay,AU,-21.15,149.2,82.69,74,40,19.57,scattered clouds
569,Karratha,AU,-20.7377,116.8463,102.06,25,100,10.04,overcast clouds
570,North Bend,US,43.4065,-124.2243,48.16,99,100,5.75,overcast clouds
571,Acapulco,MX,16.8634,-99.8901,75.02,88,20,2.3,few clouds
572,Jos,NG,9.9167,8.9,70.52,18,16,7.34,few clouds
573,Mulege,MX,26.8833,-111.9833,66.22,30,10,3.33,clear sky
574,Bambanglipuro,ID,-7.95,110.2833,83.91,77,86,7.76,overcast clouds
575,Natal,BR,-5.795,-35.2094,77.65,100,20,4.61,few clouds
576,Kilindoni,TZ,-7.9139,39.6668,82.51,71,70,9.66,broken clouds
577,Tazovskiy,RU,67.4667,78.7,21.04,94,99,9.31,overcast clouds
578,Ambon,ID,-3.6954,128.1814,89.74,66,40,4.61,scattered clouds
579,Hambantota,LK,6.1241,81.1185,82.74,83,100,3.44,overcast clouds
580,Shakawe,BW,-18.3667,21.85,72.21,73,88,6.62,overcast clouds
581,Zhangjiakou,CN,40.81,114.8794,46.71,22,99,8.01,overcast clouds
582,Harbour Breton,CA,47.4833,-55.7983,21.54,59,14,11.21,few clouds
583,Mehamn,NO,71.0357,27.8492,39.11,72,5,14.07,clear sky
584,Brigantine,US,39.4101,-74.3646,48.99,72,20,0.0,few clouds
585,Puerto Del Rosario,ES,28.5004,-13.8627,60.55,72,20,17.27,few clouds
586,Saint-Augustin,CA,51.226,-58.6502,-11.81,89,8,6.76,clear sky
587,Axim,GH,4.8699,-2.2405,79.9,86,100,4.27,overcast clouds
588,Rodrigues Alves,BR,-7.738,-72.6509,70.25,100,100,2.46,heavy intensity rain
589,Alberton,CA,46.8168,-64.0654,24.71,74,100,4.94,overcast clouds
590,Mount Isa,AU,-20.7333,139.5,93.13,32,77,20.83,light rain
591,Grants,US,35.1473,-107.8514,32.23,37,0,3.44,clear sky
592,Alice Springs,AU,-23.7,133.8833,101.75,10,29,6.91,scattered clouds
593,Griffith,US,41.5284,-87.4237,40.26,100,0,0.0,mist
594,Aykhal,RU,66.0,111.5,-4.68,86,99,10.22,overcast clouds
595,Biloela,AU,-24.4167,150.5,80.67,48,57,12.48,broken clouds
596,Shimoda,JP,34.6667,138.95,66.56,59,4,15.41,clear sky
597,Pangnirtung,CA,66.1451,-65.7125,-26.1,86,60,7.58,broken clouds
598,Tomatlan,MX,19.9333,-105.25,64.89,77,0,2.59,clear sky
599,Isla Mujeres,MX,21.2311,-86.731,73.45,86,1,5.95,clear sky
600,Galle,LK,6.0367,80.217,82.51,72,100,10.4,overcast clouds
601,Redlands,US,34.0556,-117.1825,64.0,55,0,4.61,clear sky
602,Cayenne,GF,4.9333,-52.3333,80.1,1,75,5.01,broken clouds
603,Saint-Pierre,RE,-21.3393,55.4781,84.9,75,0,9.22,clear sky
604,Kiunga,PG,-6.1219,141.2906,90.72,59,53,4.9,broken clouds
605,Pushkino,RU,56.0172,37.8667,21.49,75,9,5.44,clear sky
606,Vyazma,RU,55.2104,34.2951,23.9,84,14,5.28,few clouds
607,Dwarka,IN,22.2394,68.9678,83.64,49,6,10.87,clear sky
608,Khasan,RU,42.4308,130.6434,42.19,55,11,18.23,few clouds
609,Bogorodskoye,RU,56.55,37.8833,24.08,79,8,4.72,clear sky
610,Iquique,CL,-20.2208,-70.1431,69.1,83,29,2.57,scattered clouds
611,Mae Hong Son,TH,19.3003,97.9685,96.94,34,20,3.44,haze
612,Dinguiraye,GN,11.3,-10.7167,75.7,21,84,1.7,broken clouds
613,Voznesenskoye,RU,54.89,42.7569,18.77,80,42,12.8,scattered clouds
614,Saint-Francois,FR,46.4154,3.9054,41.68,93,0,3.44,clear sky
615,Trenggalek,ID,-8.05,111.7167,83.7,82,88,4.47,overcast clouds
616,Magway,MM,20.15,94.9167,103.06,9,5,2.28,clear sky
617,Yatou,CN,37.15,122.3833,43.59,63,100,21.5,overcast clouds
618,Turbat,PK,26.0023,63.044,92.1,20,0,6.33,clear sky
619,Tamandare,BR,-8.7597,-35.1047,77.4,87,64,4.54,broken clouds
620,Azle,US,32.8951,-97.5459,56.91,74,0,5.01,clear sky
621,Jadu,LY,31.953,12.0261,50.76,31,25,24.38,scattered clouds
622,Krasnovishersk,RU,60.4078,57.082,18.95,91,100,3.11,overcast clouds
623,Kirakira,SB,-10.4544,161.9205,81.66,78,92,4.07,overcast clouds
624,Kolyvan,RU,55.3053,82.7391,11.82,78,100,5.19,overcast clouds
625,Mantua,IT,45.1667,10.7833,49.24,83,61,3.0,broken clouds
626,Codrington,AU,-38.2667,141.9667,78.04,52,100,13.24,overcast clouds
627,Vangaindrano,MG,-23.35,47.6,81.63,73,15,2.3,few clouds
628,Namie,JP,37.4833,141.0,62.71,67,74,9.35,light rain
629,Effingham,US,32.3669,-81.3332,63.05,92,100,9.57,overcast clouds
630,El Tigre,VE,8.8875,-64.2454,73.38,81,73,12.24,broken clouds
631,Tucupita,VE,9.0622,-62.051,71.92,99,100,3.0,overcast clouds
632,Pokrovsk,UA,48.282,37.1758,25.79,62,13,11.63,few clouds
633,Tenango,MX,18.65,-98.1833,65.32,63,67,6.64,broken clouds
634,Mildura,AU,-34.2,142.15,88.07,37,40,6.91,scattered clouds
635,Cansahcab,MX,21.1667,-89.1,72.27,94,1,3.76,clear sky
636,Aksarka,RU,66.5606,67.7975,21.52,88,100,13.62,overcast clouds
637,Padang,ID,-0.9492,100.3543,87.85,63,62,6.24,broken clouds
638,Piet Retief,ZA,-27.0071,30.8132,59.31,79,100,4.41,overcast clouds
639,Naze,JP,28.3667,129.4833,74.32,80,74,3.69,broken clouds
640,Tarakan,ID,3.3,117.6333,87.3,70,40,3.44,scattered clouds
641,Barinas,VE,8.6226,-70.2075,77.94,55,71,4.09,broken clouds
642,Los Llanos De Aridane,ES,28.6585,-17.9182,56.95,55,0,21.85,clear sky
643,Cleves,DE,51.7833,6.15,41.38,92,100,10.31,overcast clouds
644,Galway,IE,53.2719,-9.0489,38.73,73,6,3.24,clear sky
645,Cedar City,US,37.6775,-113.0619,48.4,45,0,3.53,clear sky
646,Avera,US,33.194,-82.5271,59.56,84,100,10.98,overcast clouds
647,Xining,CN,36.6167,101.7667,57.58,32,0,4.43,clear sky
648,Macon,US,39.8667,-88.9668,48.06,86,0,6.55,clear sky
649,Altagracia De Orituco,VE,9.8601,-66.3814,70.77,88,47,5.17,scattered clouds
650,Lensk,RU,60.7253,114.9278,10.6,75,100,6.04,overcast clouds
651,Baruun-Urt,MN,46.6806,113.2792,19.58,15,0,8.84,clear sky
652,Pampa,US,35.5362,-100.9599,52.75,26,0,19.64,clear sky
653,Marfino,RU,55.7028,37.3822,26.85,58,0,4.47,clear sky
654,Gold Coast,AU,-28.0,153.4333,81.25,74,75,13.8,broken clouds
655,Tual,ID,-5.6667,132.75,84.61,71,88,4.0,overcast clouds
656,Mananara,MG,-16.1667,49.7667,84.78,67,100,3.06,overcast clouds
657,Pauini,BR,-7.7136,-66.9764,71.98,99,100,1.95,overcast clouds
658,Slave Lake,CA,55.2834,-114.769,42.78,49,100,19.57,overcast clouds
659,Shingu,JP,33.7333,135.9833,70.5,37,1,2.53,clear sky
660,Ayan,RU,56.45,138.1667,18.09,89,100,7.2,overcast clouds
661,Nuuk,GL,64.1835,-51.7216,2.01,85,100,11.5,overcast clouds
662,Kamenskiy,RU,50.8855,45.488,13.77,91,100,16.4,overcast clouds
663,Maragogi,BR,-9.0122,-35.2225,77.05,87,50,4.27,scattered clouds
664,Goderich,CA,43.7501,-81.7165,33.91,93,100,2.3,overcast clouds
665,Aras,ES,42.5617,-2.356,49.77,87,75,6.91,broken clouds
666,Ust-Ordynskiy,RU,52.805,104.7508,17.26,75,5,5.06,clear sky
667,Launceston,AU,-41.45,147.1667,67.64,72,100,0.0,overcast clouds
668,Jiazi,CN,22.8779,116.067,75.34,66,86,11.97,overcast clouds
669,Roros,NO,62.5747,11.3842,28.15,90,100,8.86,overcast clouds
670,Kumba,CM,4.6363,9.4469,76.53,85,100,0.47,overcast clouds
671,Caldas Novas,BR,-17.7417,-48.625,67.68,96,100,3.38,overcast clouds
672,Rafai,CF,4.95,23.9167,83.41,16,43,6.93,scattered clouds
673,Amberley,US,39.2048,-84.428,52.09,72,0,0.0,clear sky
674,Buseresere,TZ,-3.0236,31.8747,73.35,73,92,1.16,light rain
675,Waitati,NZ,-45.75,170.5667,53.8,72,100,5.99,overcast clouds
676,Sokoni,TZ,-6.4333,39.55,82.62,71,100,9.62,overcast clouds
677,Rupert,US,42.6191,-113.6772,37.35,93,100,10.36,moderate rain
678,Whitehorse,CA,60.7161,-135.0538,30.97,74,75,18.41,broken clouds
679,Yumen,CN,40.2833,97.2,52.29,26,100,18.86,overcast clouds
680,Broken Hill,AU,-31.95,141.4333,82.11,44,40,6.91,scattered clouds
681,Black River,JM,18.0264,-77.8487,72.55,85,4,3.83,clear sky
682,Berezayka,RU,57.9883,33.9036,27.07,77,6,5.64,clear sky
683,Bartica,GY,6.4,-58.6167,75.52,99,100,3.09,overcast clouds
684,Bako,ET,5.7833,36.5667,76.71,45,100,2.39,overcast clouds
685,General Roca,AR,-39.0333,-67.5833,73.51,32,0,10.76,clear sky
686,Sur,OM,22.5667,59.5289,89.6,33,0,4.0,clear sky
687,Matagami,CA,49.7502,-77.6328,28.51,86,100,5.75,light snow
688,Aborlan,PH,9.4352,118.5492,87.1,66,62,6.71,broken clouds
689,Angoche,MZ,-16.2325,39.9086,80.96,83,100,2.98,light rain
690,Miltenberg,DE,49.7039,9.2644,42.89,74,100,4.34,overcast clouds
691,Beryslav,UA,46.8415,33.4284,32.2,51,0,11.74,clear sky
692,Yanggu,CN,36.1106,115.7753,57.29,53,100,17.58,moderate rain
693,Kasongo,CD,-4.45,26.6667,77.86,73,87,0.98,overcast clouds
694,Nkayi,CG,-4.1841,13.2884,73.17,97,100,1.07,light rain
695,Zatreni,RO,44.7667,23.85,40.6,53,100,2.48,overcast clouds
